{"cameraMode":{"drawMode":0,"name":"Shaded","section":"Shading Mode"},"sceneLighting":false,"audioPlay":false,"sceneViewState":{"m_AlwaysRefresh":false,"showFog":true,"showSkybox":true,"showFlares":true,"showImageEffects":true,"showParticleSystems":true,"showVisualEffectGraphs":true,"m_FxEnabled":true},"in2DMode":false,"pivot":{"x":0.044492244720458987,"y":0.0135650634765625,"z":19.56315803527832},"rotation":{"x":0.039942290633916858,"y":0.9461702108383179,"z":-0.2945552170276642,"w":0.128186896443367},"size":10.344621658325196,"orthographic":false}